競馬場ID,国名ID,国名,エリア,競馬場ID
ADBY,AUS,AUS,NSW,Adaminaby
AD R,AUS,AUS,NT,Adelaide River
ABNY,AUS,AUS,WA,Albany
ALB ,AUS,AUS,NSW,Albury
ALEX,AUS,AUS,VIC,Alexandra
ALMA,AUS,AUS,QLD,Almaden
ALPH,AUS,AUS,QLD,Alpha
BDST,AUS,AUS,QLD,Beaudesert
GCST,AUS,AUS,QLD,Gold Coast
ARMC,AUS,AUS,QLD,Aramac
ARAT,AUS,AUS,VIC,Ararat
ARDL,AUS,AUS,NSW,Ardlethan
ARMD,AUS,AUS,NSW,Armidale
ARLH,AUS,AUS,QLD,Arrilalah
ASCT,AUS,AUS,WA,Ascot
ONLW,AUS,AUS,WA,Ashburton
ATHN,AUS,AUS,QLD,Atherton
AUGA,AUS,AUS,QLD,Augathella
AVOC,AUS,AUS,VIC,Avoca
BKVA,AUS,AUS,SA,Balaklava
BLNA,AUS,AUS,NSW,Ballina
BALN,AUS,AUS,VIC,Balnarring
BALR,AUS,AUS,NSW,Balranald
BDNE,AUS,AUS,NSW,Baradine
BARC,AUS,AUS,QLD,Barcaldine
BRBA,AUS,AUS,NSW,Barraba
B CK,AUS,AUS,NT,Barrow Creek
BATH,AUS,AUS,NSW,Bathurst
BEAU,AUS,AUS,NSW,Beaumont Newcastle
BEDG,AUS,AUS,NSW,Bedgerabong
BDRE,AUS,AUS,QLD,Bedourie
BELL,AUS,AUS,QLD,Bell
BLMT,AUS,AUS,WA,Belmont
BLLA,AUS,AUS,VIC,Benalla
BDGO,AUS,AUS,VIC,Bendigo
BERI,AUS,AUS,SA,Berri
BERR,AUS,AUS,NSW,Berrigan
BETO,AUS,AUS,QLD,Betoota
BEV ,AUS,AUS,WA,Beverley
BGRA,AUS,AUS,NSW,Bingara
BINN,AUS,AUS,NSW,Binnaway
BIRD,AUS,AUS,QLD,Birdsville
BKLL,AUS,AUS,QLD,Blackall
BLUF,AUS,AUS,QLD,Bluff
BOMB,AUS,AUS,NSW,Bombala
BONG,AUS,AUS,NSW,Bong Bong
BRWA,AUS,AUS,NSW,Boorowa
BORD,AUS,AUS,SA,Bordertown
BOUL,AUS,AUS,QLD,Boulia
BRKE,AUS,AUS,NSW,Bourke
BOWN,AUS,AUS,QLD,Bowen
BOWR,AUS,AUS,QLD,Bowen River
BVLE,AUS,AUS,NSW,Bowraville
BDWD,AUS,AUS,NSW,Braidwood
BREW,AUS,AUS,NSW,Brewarrina
BR H,AUS,AUS,NSW,Broken Hill
BRME,AUS,AUS,WA,Broome
BCHN,AUS,AUS,VIC,Buchan
BUNB,AUS,AUS,WA,Bunbury
BBRG,AUS,AUS,QLD,Bundaberg
BDRA,AUS,AUS,NSW,Bundarra
BKTN,AUS,AUS,QLD,Burketown
BURR,AUS,AUS,QLD,Burrandowan
BBT ,AUS,AUS,VIC,Burrumbeet
CRNS,AUS,AUS,QLD,Cairns
CRNN,AUS,AUS,QLD,Cairns Night
CLPE,AUS,AUS,QLD,Calliope
CAMB,AUS,AUS,QLD,Camboon
CAMO,AUS,AUS,QLD,Camooweal
CAMP,AUS,AUS,VIC,Camperdown
CANB,AUS,AUS,NSW,Canberra
ACT ,AUS,AUS,NSW,Canberra Acton
CANT,AUS,AUS,NSW,Canterbury Park
CPLA,AUS,AUS,QLD,Capella
CRDA,AUS,AUS,NSW,Carinda
CARN,AUS,AUS,WA,Carnarvon
CARR,AUS,AUS,NSW,Carrathool
CSNO,AUS,AUS,NSW,Casino
CAST,AUS,AUS,VIC,Casterton
CAUL,AUS,AUS,VIC,Caulfield
CDNA,AUS,AUS,SA,Ceduna
CESS,AUS,AUS,NSW,Cessnock
CHAR,AUS,AUS,QLD,Charleville
CH T,AUS,AUS,QLD,Charters Towers
CHEL,AUS,AUS,SA,Cheltenham Park
CHGO,AUS,AUS,QLD,Chillagoe
CHIN,AUS,AUS,QLD,Chinchilla
CLRE,AUS,AUS,SA,Clare
CLER,AUS,AUS,QLD,Clermont
CFTN,AUS,AUS,QLD,Clifton
CLON,AUS,AUS,QLD,Cloncurry
CBAR,AUS,AUS,NSW,Cobar
COEN,AUS,AUS,QLD,Coen
COFF,AUS,AUS,NSW,Coffs Harbour
CLAC,AUS,AUS,VIC,Colac
COLR,AUS,AUS,VIC,Coleraine
COLL,AUS,AUS,NSW,Collarenebri
COLI,AUS,AUS,WA,Collie
CVLE,AUS,AUS,QLD,Collinsville
CBYC,AUS,AUS,NSW,Come-By-Chance
COND,AUS,AUS,NSW,Condobolin
COOK,AUS,AUS,QLD,Cooktown
COOL,AUS,AUS,NSW,Coolabah
COOM,AUS,AUS,NSW,Cooma
CBBN,AUS,AUS,NSW,Coonabarabran
CBLE,AUS,AUS,NSW,Coonamble
COOT,AUS,AUS,NSW,Cootamundra
CORF,AUS,AUS,QLD,Corfield
COR ,AUS,AUS,NSW,Corowa
COWR,AUS,AUS,NSW,Cowra
CRAN,AUS,AUS,VIC,Cranbourne
CTRS,AUS,AUS,VIC,Cranbourne SYN - (Synthetic)
CTRN,AUS,AUS,VIC,Cranbourne TRN - (Trial)
CKWL,AUS,AUS,NSW,Crookwell
CUNN,AUS,AUS,QLD,Cunnamulla
DALB,AUS,AUS,QLD,Dalby
DRWN,AUS,AUS,NT,Darwin
DEAG,AUS,AUS,QLD,Deagon
DDRG,AUS,AUS,VIC,Dederang
DWTR,AUS,AUS,NSW,Deepwater
DEL ,AUS,AUS,TAS,Deloraine
DEN ,AUS,AUS,NSW,Deniliquin
DRBY,AUS,AUS,WA,Derby
DEV ,AUS,AUS,TAS,Devonport
DEVS,AUS,AUS,TAS,Devonport Tapeta Synthetic
DING,AUS,AUS,QLD,Dingo
DON ,AUS,AUS,VIC,Donald
DONG,AUS,AUS,WA,Dongara
DOOM,AUS,AUS,QLD,Doomben
DROU,AUS,AUS,VIC,Drouin
DUAR,AUS,AUS,QLD,Duaringa
DUBB,AUS,AUS,NSW,Dubbo
DUNK,AUS,AUS,VIC,Dunkeld
E FM,AUS,AUS,QLD,Eagle Farm
EHPE,AUS,AUS,VIC,Edenhope
EIDS,AUS,AUS,QLD,Eidsvold
EINA,AUS,AUS,QLD,Einasleigh
EMER,AUS,AUS,QLD,Emerald
ENNG,AUS,AUS,NSW,Enngonia
EROM,AUS,AUS,QLD,Eromanga
ESK ,AUS,AUS,QLD,Esk
E BY,AUS,AUS,WA,Esperance
EWAN,AUS,AUS,QLD,Ewan
EXMO,AUS,AUS,WA,Exmouth
FERN,AUS,AUS,NSW,Fernhill
FITZ,AUS,AUS,WA,Fitzroy
FLEM,AUS,AUS,VIC,Flemington
FLIN,AUS,AUS,QLD,Flinton
FORB,AUS,AUS,NSW,Forbes
GATT,AUS,AUS,QLD,Gatton
GAWL,AUS,AUS,SA,Gawler
GAYN,AUS,AUS,QLD,Gayndah
GTWN,AUS,AUS,QLD,Georgetown
GTON,AUS,AUS,WA,Geraldton
GEUR,AUS,AUS,NSW,Geurie
GILG,AUS,AUS,NSW,Gilgandra
GLAD,AUS,AUS,QLD,Gladstone
GL I,AUS,AUS,NSW,Glen Innes
GOON,AUS,AUS,QLD,Goondiwindi
GORD,AUS,AUS,QLD,Gordonvale
GOSF,AUS,AUS,NSW,Gosford
GOUL,AUS,AUS,NSW,Goulburn
GRAF,AUS,AUS,NSW,Grafton
GR W,AUS,AUS,VIC,Great Western
GR D,AUS,AUS,QLD,Gregory Downs
GREN,AUS,AUS,NSW,Grenfell
GRIF,AUS,AUS,NSW,Griffith
GBNE,AUS,AUS,NSW,Gulargambone
GULG,AUS,AUS,NSW,Gulgong
GBWR,AUS,AUS,VIC,Gunbower
GUND,AUS,AUS,NSW,Gundagai
GUNN,AUS,AUS,NSW,Gunnedah
GYMP,AUS,AUS,QLD,Gympie
HTON,AUS,AUS,VIC,Hamilton
H RK,AUS,AUS,VIC,Hanging Rock
HRDN,AUS,AUS,NSW,Harden
HKER,AUS,AUS,SA,Hawker
HAWK,AUS,AUS,NSW,Hawkesbury
HWKI,AUS,AUS,NSW,Hawkesbury Inner
HAY ,AUS,AUS,NSW,Hay
HEAL,AUS,AUS,VIC,Healesville
HEBL,AUS,AUS,QLD,Hebel
HILL,AUS,AUS,NSW,Hillston
HMJE,AUS,AUS,VIC,Hinnomunjie
HOB ,AUS,AUS,TAS,Hobart
HOBI,AUS,AUS,TAS,Hobart Inside Track
HOLB,AUS,AUS,NSW,Holbrook
HOME,AUS,AUS,QLD,Home Hill
HSHM,AUS,AUS,VIC,Horsham
HUGH,AUS,AUS,QLD,Hughenden
ILFR,AUS,AUS,QLD,Ilfracombe
INGH,AUS,AUS,QLD,Ingham
INJU,AUS,AUS,QLD,Injune
INNI,AUS,AUS,QLD,Innisfail
INVL,AUS,AUS,NSW,Inverell
IPSW,AUS,AUS,QLD,Ipswich
ISIS,AUS,AUS,QLD,Isisford
JTWN,AUS,AUS,SA,Jamestown
JAND,AUS,AUS,QLD,Jandowae
JCHO,AUS,AUS,QLD,Jericho
JER ,AUS,AUS,NSW,Jerilderie
J CK,AUS,AUS,QLD,Julia Creek
JUNC,AUS,AUS,WA,Junction
JUND,AUS,AUS,QLD,Jundah
KALG,AUS,AUS,WA,Kalgoorlie
KATH,AUS,AUS,NT,Katherine
K GR,AUS,AUS,NSW,Kembla Grange
KEMP,AUS,AUS,NSW,Kempsey
KENS,AUS,AUS,NSW,Kensington
KRNG,AUS,AUS,VIC,Kerang
KCOY,AUS,AUS,QLD,Kilcoy
KIMB,AUS,AUS,SA,Kimba
H CK,AUS,AUS,WA,Kimberley
K IS,AUS,AUS,TAS,King Island
KCTE,AUS,AUS,SA,Kingscote
KOJO,AUS,AUS,WA,Kojonup
KUMB,AUS,AUS,QLD,Kumbia
KNRA,AUS,AUS,WA,Kununurra
SANH,AUS,AUS,VIC,Hillside
SANL,AUS,AUS,VIC,Lakeside
ALSP,AUS,AUS,NT,Pioneer Park
LDOR,AUS,AUS,WA,Landor
LARK,AUS,AUS,WA,Lark Hill
LMAH,AUS,AUS,NT,Larrimah
LAUN,AUS,AUS,TAS,Launceston
Code,AUS,AUS,Area,Track Name
LURA,AUS,AUS,QLD,Laura (Q)
LAUR,AUS,AUS,SA,Laura (SA)
LTON,AUS,AUS,WA,Laverton
LEET,AUS,AUS,NSW,Leeton
LEIN,AUS,AUS,WA,Leinster
LEON,AUS,AUS,WA,Leonora
L RG,AUS,AUS,NSW,Lightning Ridge
LISM,AUS,AUS,NSW,Lismore
LOCK,AUS,AUS,SA,Lock
LKHT,AUS,AUS,NSW,Lockhart
LFRD,AUS,AUS,TAS,Longford
LRCH,AUS,AUS,QLD,Longreach
LTH ,AUS,AUS,NSW,Louth
MKAY,AUS,AUS,QLD,Mackay
MLWA,AUS,AUS,NSW,Mallawa
MTNG,AUS,AUS,VIC,Manangatang
MANS,AUS,AUS,VIC,Mansfield
MARB,AUS,AUS,WA,Marble Bar
MRBA,AUS,AUS,QLD,Mareeba
MATR,AUS,AUS,NT,Mataranka
MAXW,AUS,AUS,QLD,Maxwelton
MACK,AUS,AUS,QLD,McKinlay
MEEK,AUS,AUS,WA,Meekatharra
MEND,AUS,AUS,NSW,Mendooran
MERR,AUS,AUS,NSW,Merriwa
MERT,AUS,AUS,VIC,Merton
MIDD,AUS,AUS,QLD,Middlemount
MILS,AUS,AUS,QLD,Miles
MILL,AUS,AUS,SA,Millicent
HDON,AUS,AUS,SA,Mindarie-Halidon
MING,AUS,AUS,QLD,Mingela
MNEW,AUS,AUS,WA,Mingenew
MICH,AUS,AUS,QLD,Mitchell
MOAM,AUS,AUS,NSW,Moama
MOE ,AUS,AUS,VIC,Moe
MONT,AUS,AUS,QLD,Monto
MOOR,AUS,AUS,WA,Moora
MBAH,AUS,AUS,QLD,Moranbah
MREE,AUS,AUS,NSW,Moree
MORN,AUS,AUS,VIC,Mornington
MORP,AUS,AUS,SA,Morphettville
MRPK,AUS,AUS,SA,Morphettville Parks
MORT,AUS,AUS,VIC,Mortlake
MRYA,AUS,AUS,NSW,Moruya
MORV,AUS,AUS,QLD,Morven
MOUL,AUS,AUS,NSW,Moulamein
MT B,AUS,AUS,WA,Mount Barker
MT G,AUS,AUS,SA,Mount Gambier
M GT,AUS,AUS,QLD,Mount Garnet
MT I,AUS,AUS,QLD,Mount Isa
MT M,AUS,AUS,WA,Mount Magnet
MT P,AUS,AUS,QLD,Mount Perry
MDGE,AUS,AUS,NSW,Mudgee
MGRY,AUS,AUS,NSW,Mungery
MNGI,AUS,AUS,NSW,Mungindi
M BR,AUS,AUS,SA,Murray Bridge (Not Used)
MUBR,AUS,AUS,SA,Murray Bridge GH
MURT,AUS,AUS,VIC,Murtoa
MWBH,AUS,AUS,NSW,Murwillumbah
MWBK,AUS,AUS,NSW,Muswellbrook
MUTT,AUS,AUS,QLD,Muttaburra
NNGO,AUS,AUS,QLD,Nanango
NARA,AUS,AUS,SA,Naracoorte
NBRI,AUS,AUS,NSW,Narrabri
NARR,AUS,AUS,NSW,Narrandera
NGIN,AUS,AUS,WA,Narrogin
NMNE,AUS,AUS,NSW,Narromine
NCLE,AUS,AUS,NSW,Newcastle
NMAN,AUS,AUS,WA,Newman
NHIL,AUS,AUS,VIC,Nhill
NDRA,AUS,AUS,VIC,Nine Dragons
NOCC,AUS,AUS,QLD,Noccundra
NOOR,AUS,AUS,QLD,Noorama
NORM,AUS,AUS,QLD,Normanton
NORS,AUS,AUS,WA,Norseman
NTHM,AUS,AUS,WA,Northam
NOWR,AUS,AUS,NSW,Nowra
NYNG,AUS,AUS,NSW,Nyngan
O PK,AUS,AUS,QLD,Oak Park
OAKB,AUS,AUS,SA,Oakbank
OAKY,AUS,AUS,QLD,Oakey
OKLY,AUS,AUS,QLD,Oakley
ORAN,AUS,AUS,NSW,Orange
PAK ,AUS,AUS,VIC,Pakenham
PRKS,AUS,AUS,NSW,Parkes
PNLA,AUS,AUS,SA,Penola
PNNG,AUS,AUS,SA,Penong
PENS,AUS,AUS,VIC,Penshurst
PENT,AUS,AUS,QLD,Pentland
P CK,AUS,AUS,NT,Pine Creek
PING,AUS,AUS,WA,Pingrup
PINJ,AUS,AUS,WA,Pinjarra Park
PINS,AUS,AUS,WA,Pinjarra Scarpside
POON,AUS,AUS,NSW,Pooncarie
PT A,AUS,AUS,SA,Port Augusta
PT H,AUS,AUS,WA,Port Hedland
PT L,AUS,AUS,SA,Port Lincoln
P MQ,AUS,AUS,NSW,Port Macquarie
PT P,AUS,AUS,SA,Port Pirie
PRRE,AUS,AUS,QLD,Prairie
QUAB,AUS,AUS,NSW,Quambone
QUAM,AUS,AUS,QLD,Quamby
QBYN,AUS,AUS,NSW,Queanbeyan
QUIL,AUS,AUS,QLD,Quilpie
QUIR,AUS,AUS,NSW,Quirindi
QORN,AUS,AUS,SA,Quorn
RENN,AUS,AUS,NT,Renner
RICH,AUS,AUS,QLD,Richmond
RIDG,AUS,AUS,QLD,Ridgelands
ROCK,AUS,AUS,QLD,Rockhampton
ROHS,AUS,AUS,QLD,Rockhampton Sand Track
RBRN,AUS,AUS,WA,Roebourne
ROMA,AUS,AUS,QLD,Roma
RHIL,AUS,AUS,NSW,Rosehill Gardens
ROXB,AUS,AUS,SA,Roxby Downs
RAND,AUS,AUS,NSW,Royal Randwick
SALE,AUS,AUS,VIC,Sale
SAND,AUS,AUS,VIC,Sandown
SAPH,AUS,AUS,NSW,Sapphire Coast
SCNE,AUS,AUS,NSW,Scone
S DP,AUS,AUS,QLD,Sedan Dip
SEYM,AUS,AUS,VIC,Seymour
WERR,AUS,AUS,VIC,Spendthrift Australia Park
BRAT,AUS,AUS,VIC,Ballarat
BRTS,AUS,AUS,VIC,Ballarat Synthetic
PAKM,AUS,AUS,VIC,Pakenham
PAKS,AUS,AUS,VIC,Pakenham Synthetic
WANG,AUS,AUS,VIC,Wangaratta
SPRN,AUS,AUS,TAS,Spreyton
SSRE,AUS,AUS,QLD,Springsure
ST A,AUS,AUS,VIC,St Arnaud
ST G,AUS,AUS,QLD,St George
STAM,AUS,AUS,QLD,Stamford
STAN,AUS,AUS,QLD,Stanthorpe
STAW,AUS,AUS,VIC,Stawell
STON,AUS,AUS,QLD,Stonehenge
S CK,AUS,AUS,VIC,Stony Creek
SBYN,AUS,AUS,SA,Strathalbyn
ST B,AUS,AUS,SA,Streaky Bay
SCST,AUS,AUS,QLD,Sunshine Coast
SCCT,AUS,AUS,QLD,Sunshine Coast Cushion Track
SCSI,AUS,AUS,QLD,Sunshine Coast Inner Track
SURT,AUS,AUS,QLD,Surat
SW H,AUS,AUS,VIC,Swan Hill
SWCK,AUS,AUS,VIC,Swifts Creek
TABM,AUS,AUS,NSW,Tabulam
TALM,AUS,AUS,NSW,Talmoi
TALW,AUS,AUS,QLD,Talwood
TAMB,AUS,AUS,QLD,Tambo
TAMW,AUS,AUS,NSW,Tamworth
TARA,AUS,AUS,QLD,Tara
TAR ,AUS,AUS,NSW,Taree
TARM,AUS,AUS,QLD,Taroom
TAT ,AUS,AUS,VIC,Tatura
T CK,AUS,AUS,NT,Tennant Creek
TER ,AUS,AUS,VIC,Terang
TEXS,AUS,AUS,QLD,Texas
THAN,AUS,AUS,QLD,Thangool
KNLS,AUS,AUS,VIC,The Kennels
M V,AUS,AUS,VIC,The Valley
THEO,AUS,AUS,QLD,Theodore
TIMB,AUS,AUS,NT,Timber Creek
TOC ,AUS,AUS,NSW,Tocumwal
TMGY,AUS,AUS,NSW,Tomingley
TOOD,AUS,AUS,WA,Toodyay
TWBA,AUS,AUS,QLD,Toowoomba
TWBC,AUS,AUS,QLD,Toowoomba Cushion Track
TWBI,AUS,AUS,QLD,Toowoomba Inner Track
TTHM,AUS,AUS,NSW,Tottenham
T HL,AUS,AUS,QLD,Tower Hill
TOWN,AUS,AUS,QLD,Townsville
TOW ,AUS,AUS,VIC,Towong
TRAN,AUS,AUS,NSW,Trangie
TRAR,AUS,AUS,VIC,Traralgon
TRUN,AUS,AUS,NSW,Trundle
TULL,AUS,AUS,NSW,Tullamore
TLBG,AUS,AUS,NSW,Tullibigeal
TUMB,AUS,AUS,NSW,Tumbarumba
T BY,AUS,AUS,SA,Tumby Bay
TUMT,AUS,AUS,NSW,Tumut
TUNC,AUS,AUS,NSW,Tuncurry
TW H,AUS,AUS,QLD,Twin Hills
V PK,AUS,AUS,SA,Victoria Park
WAGG,AUS,AUS,NSW,Wagga
WAGR,AUS,AUS,NSW,Wagga Riverside
WCHA,AUS,AUS,NSW,Walcha
WALG,AUS,AUS,NSW,Walgett
WDAH,AUS,AUS,NSW,Wallabadah
WBYN,AUS,AUS,NSW,Wamboyne
WAND,AUS,AUS,QLD,Wandoan
WLDA,AUS,AUS,NSW,Warialda
WARA,AUS,AUS,QLD,Warra
WKBL,AUS,AUS,VIC,Warracknabeal
WRRN,AUS,AUS,NSW,Warren
WNBL,AUS,AUS,VIC,Warrnambool
WARW,AUS,AUS,QLD,Warwick
W FM,AUS,AUS,NSW,Warwick Farm
WCPE,AUS,AUS,NSW,Wauchope
WEAN,AUS,AUS,NSW,Wean
WELL,AUS,AUS,NSW,Wellington
WENT,AUS,AUS,NSW,Wentworth
FIND,AUS,AUS,VIC,Werribee Park
WILP,AUS,AUS,QLD,Wilpeena
WLNA,AUS,AUS,WA,Wiluna
WDRH,AUS,AUS,QLD,Windorah
WINT,AUS,AUS,QLD,Winton
WOND,AUS,AUS,QLD,Wondai
WMAI,AUS,AUS,VIC,Woolamai
WYAN,AUS,AUS,QLD,Wyandra
WYCH,AUS,AUS,VIC,Wycheproof
WYND,AUS,AUS,WA,Wyndham
WYNG,AUS,AUS,NSW,Wyong
YALG,AUS,AUS,WA,Yalgoo
YRKA,AUS,AUS,QLD,Yaraka
YGHC,AUS,AUS,VIC,Yarra Glen Hunt
YASS,AUS,AUS,NSW,Yass
YEA ,AUS,AUS,VIC,Yea
YEPP,AUS,AUS,QLD,Yeppoon
YORK,AUS,AUS,WA,York
YUNG,AUS,AUS,NSW,Young
BDLE,AUS,AUS,VIC,Bairnsdale
ECHA,AUS,AUS,VIC,Echuca
GEEL,AUS,AUS,VIC,Geelong
GEES,AUS,AUS,VIC,Geelong Synthetic
MILD,AUS,AUS,VIC,Mildura
KILM,AUS,AUS,VIC,Kilmore
KYNE,AUS,AUS,VIC,Kyneton
WOD ,AUS,AUS,VIC,Wodonga
Y VL,AUS,AUS,VIC,Yarra Valley
