競馬場ID,国名ID,国名,競馬場名,競馬場名詳細
ZN07,ZN,,AALBORG,AALBORG
ZH01,ZH,,AARAU,AARAU
0810,FR,FR,ABBEVILLE,ABBEVILLE
ZF95,ZF,,ABU DHABI,ABU DHABI
ZT01,ZT,,ADANA,ADANA
ZF07,ZF,,AFRIQUE DU SUD,AFRIQUE DU SUD
0580,FR,FR,AGEN,AGEN-LA-GARENNE
0301,FR,FR,AGON-COUTAINVILLE,AGON-COUTAINVILLE
ZU66,ZU,,AIKEN,AIKEN
ZG01,ZG,,AINTREE,AINTREE
0501,FR,FR,AIRE-SUR-L'ADOUR,AIRE-SUR-L'ADOUR
0601,FR,FR,AIX-EN-PROVENCE,AIX-EN-PROVENCE
0701,FR,FR,AIX-LES-BAINS,AIX-LES-BAINS
2051,FR,FR,AJACCIO,AJACCIO
ZF06,ZF,,AL ASAYL,AL ASAYL
ZF87,ZF,,ALAIN RACESOURSE,ALAIN RACESOURSE
ZL20,ZL,,ALBENGA,ALBENGA
0302,FR,FR,ALENCON,ALENCON
zk03,zk,,almaty,almaty
0801,FR,FR,AMIENS,AMIENS
0201,FR,FR,ANGERS,ANGERS
0254,FR,FR,ANGERS MIDI,ANGERS MIDI
0502,FR,FR,ANGOULEME,ANGOULEME
ZU01,ZU,,AQUEDUCT,AQUEDUCT
0303,FR,FR,ARGENTAN,ARGENTAN
0387,FR,FR,ARGENTAN MIDI,ARGENTAN MIDI
ZSA4,ZS,,ARGENTINO DE PALERMO,ARGENTINO DE PALERMO
ZN09,ZN,,ARHUS,ARHUS
ZF21,ZF,,ARLINGTON (Afr. du Sud),ARLINGTON (Afr. du Sud)
ZU02,ZU,,ARLINGTON PARK,ARLINGTON PARK
ZH05,ZH,,AROSA,AROSA
0802,FR,FR,ARRAS,ARRAS
ZG02,ZG,GB,ASCOT,ASCOT
ZA10,ZA,,ASCOT (AUSTRALIE),ASCOT (AUSTRALIE)
ZP02,ZP,,ATHENES,ATHENES
ZU03,ZU,,ATLANTA,ATLANTA
ZU04,ZU,,ATLANTIC CITY,ATLANTIC CITY
0702,FR,FR,AUBIGNY-SUR-NERE,AUBIGNY-SUR-NERE
0584,FR,FR,AUCH,AUCH
2061,FR,FR,AULLENE,AULLENE
0503,FR,FR,AURILLAC,AURILLAC
0006,FR,FR,AUTEUIL,AUTEUIL
0036,FR,FR,AUTEUIL-MIDI,AUTEUIL-MIDI
ZH12,ZH,,AVENCHES,AVENCHES
ZH13,ZH,,AVENCHES SOIR (Suisse),AVENCHES SOIR (Suisse)
0602,FR,FR,AVIGNON,AVIGNON
0304,FR,FR,AVRANCHES,AVRANCHES
ZG03,ZG,,AYR,AYR
ZD23,ZD,,BAD DOBERAN,BAD DOBERAN
ZD01,ZD,,BADEN-BADEN,BADEN-BADEN
ZD27,ZD,,BAD-HARZBURG,BAD-HARZBURG
0504,FR,FR,BAGNERES DE LUCHON,BAGNERES DE LUCHON
0305,FR,FR,BAGNOLES DE L'ORNE,BAGNOLES DE L'ORNE
ZSBA,ZS,,BAHREIN,BAHREIN
ZH10,ZH,,BALE SCHANZLI,BALE SCHANZLI
ZI25,ZI,,BALLINROBE,BALLINROBE
ZG04,ZG,,BANGOR,BANGOR
0505,FR,FR,BARBEZIEUX,BARBEZIEUX
ZG05,ZG,,BATH,BATH
ZU05,ZU,,BAY MEADOWS,BAY MEADOWS
0306,FR,FR,BAYEUX,BAYEUX
0558,FR,FR,BDX BOUSCAT MIDI,BDX BOUSCAT MIDI
0506,FR,FR,BEAUMONT,BEAUMONT DE LOMAGNE
0202,FR,FR,BEAUMONT-SUR-SARTHE,BEAUMONT-SUR-SARTHE
0203,FR,FR,BEAUPREAU,BEAUPREAU
ZYU1,ZY,,BELGRADE,BELGRADE
ZI28,ZI,,BELLEWSTOWN,BELLEWSTOWN
ZU06,ZU,,BELMONT,BELMONT
ZA19,ZA,,BENDIGO (AUS),BENDIGO (AUS)
0803,FR,FR,BERCK-SUR-MER,BERCK-SUR-MER
0401,FR,FR,BERNAY,BERNAY
ZG06,ZG,,BEVERLEY,BEVERLEY
0507,FR,FR,BIARRITZ-BAYONNE,BIARRITZ-BAYONNE
2052,FR,FR,BIGUGLIA,BIGUGLIA
ZD30,ZD,,BILLIGHEIM,BILLIGHEIM
0101,FR,FR,BLAIN,BLAIN BOUVRON LE GAVRE
ZD28,ZD,,BLIESKASTEL,BLIESKASTEL
ZN08,ZN,,BLOMMEROD,BLOMMEROD
ZB01,ZB,,BOITSFORT,BOITSFORT
0603,FR,FR,BOLLENE,BOLLENE
0581,FR,FR,BDX LE BOUSCAT,BORDEAUX LE BOUSCAT
0508,FR,FR,BORDEAUX LE BOUSCAT (ex),BORDEAUX LE BOUSCAT (ex)
0624,FR,FR,BORELY MIDI,BORELY MIDI
0102,FR,FR,BOUGUENAIS,BOUGUENAIS
0703,FR,FR,BOURBON-LANCY,BOURBON-LANCY
0103,FR,FR,BOUVRON,BOUVRON
ZQ03,ZQ,,BRATISLAVA (SLOVAQUIE),BRATISLAVA (SLOVAQUIE)
0307,FR,FR,BREHAL,BREHAL
ZD02,ZD,,BREME,BREME
ZG07,ZG,,BRIGHTON,BRIGHTON
ZN11,ZN,,BRO PARK,BRO PARK
ZQ95,ZQ,,BUDAPEST,BUDAPEST
ZT04,ZT,,BURSA,BURSA
ZU69,ZU,,BUTLER,BUTLER
0308,FR,FR,CABOURG,CABOURG
0399,FR,FR,CAEN,CAEN
0694,FR,FR,CAGNES-MIDI,CAGNES-MIDI
0017,FR,FR,CAGNES SUR MER (FG),CAGNES SUR MER (FG)
0604,FR,FR,CAGNES-SUR-MER,CAGNES-SUR-MER
0804,FR,FR,CALAIS,CALAIS
ZU07,ZU,,CALDER,CALDER
ZU71,ZU,,CAMDEN,CAMDEN
0104,FR,FR,CAMPBON,CAMPBON
ZE10,ZE,,CANARIES,CANARIES
ZE14,ZE,,CANTABRIA-LAREDO,CANTABRIA-LAREDO
ZU60,ZU,,CANTERBURY,CANTERBURY
ZA15,ZA,,CANTERBURY,CANTERBURY
0509,FR,FR,CARCASSONNE,CARCASSONNE
0309,FR,FR,CARENTAN,CARENTAN
0105,FR,FR,CARHAIX,CARHAIX
ZG09,ZG,,CARLISLE,CARLISLE
0605,FR,FR,CARPENTRAS,CARPENTRAS
ZG08,ZG,,CARTMEL,CARTMEL
ZF03,ZF,,CASABLANCA,CASABLANCA
0510,FR,FR,CASTELSARRASIN,CASTELSARRASIN
0511,FR,FR,CASTERA-VERDUZAN,CASTERA-VERDUZAN
ZG10,ZG,,CATTERICK,CATTERICK
ZA07,ZA,,CAULFIELD,CAULFIELD
2062,FR,FR,CAURO,CAURO
0606,FR,FR,CAVAILLON,CAVAILLON
0512,FR,FR,CAZAUBON,CAZAUBON BARBOTAN THERMES
0704,FR,FR,CERCY-LA-TOUR,CERCY-LA-TOUR
0513,FR,FR,CHALAIS,CHALAIS
0106,FR,FR,CHALLANS,CHALLANS
0901,FR,FR,CHALONS/CHAMPAG,CHALONS EN CHAMPAGNE
ZF23,ZF,,CHAMP DE MARS,CHAMP DE MARS
0002,FR,FR,CHANTILLY,CHANTILLY
0032,FR,FR,CHANTILLY-MIDI,CHANTILLY-MIDI
0204,FR,FR,CHARROUX,CHARROUX
0402,FR,FR,CHARTRES,CHARTRES
0107,FR,FR,CHATEAUBRIANT,CHATEAUBRIANT
0205,FR,FR,CHATEAU-DU-LOIR,CHATEAU-DU-LOIR
0206,FR,FR,CHATEAU-GONTIER,CHATEAU-GONTIER
0514,FR,FR,CHATEAUNEUF SUR CHARENTE,CHATEAUNEUF SUR CHARENTE
0207,FR,FR,CHATEAUNEUF SUR SARTHE,CHATEAUNEUF SUR SARTHE
0705,FR,FR,CHATEAUROUX,CHATEAUROUX
0526,FR,FR,CHATELAILLON,CHATELAILLON
0208,FR,FR,CHATELAIS-L'HOSTELLERIE,CHATELAIS-L'HOSTELLERIE
0706,FR,FR,CHATILLON,CHATILLON-SUR-CHALARONNE
ZG67,ZG,,CHELMSFORD,CHELMSFORD
ZG11,ZG,,CHELTENHAM,CHELTENHAM
ZG12,ZG,,CHEPSTOW,CHEPSTOW
ZG13,ZG,,CHESTER,CHESTER
ZS85,ZS,,CHILE (Chili),CHILE (Chili)
ZL01,ZL,,CHILIVANI,CHILIVANI
0209,FR,FR,CHINON,CHINON
0210,FR,FR,CHOLET,CHOLET
ZJ07,ZJ,,CHUKYO,CHUKYO
ZU08,ZU,,CHURCHILL DOWNS,CHURCHILL DOWNS
ZSA5,ZS,,CIDADE JARDIM (BRZ),CIDADE JARDIM (BRZ)
0310,FR,FR,CLAIREFONTAINE,CLAIREFONTAINE
0389,FR,FR,CLAIREFONTAINE MIDI,CLAIREFONTAINE MIDI
ZF15,ZF,,CLAIRWOOD,CLAIRWOOD
ZI21,ZI,,CLONMEL,CLONMEL
0714,FR,FR,CLUNY,CLUNY
0707,FR,FR,CLUNY (OLD),CLUNY (OLD)
ZD03,ZD,,COLOGNE,COLOGNE
ZU50,ZU,,COLONIAL DOWNS,COLONIAL DOWNS
0211,FR,FR,COMBREE,COMBREE
0880,FR,FR,COMPIEGNE,COMPIEGNE
0480,FR,FR,COMPIEGNE (OLD),COMPIEGNE (OLD)
0814,FR,FR,COMPIEGNE MIDI,COMPIEGNE MIDI
ZS87,ZS,,CONCEPCION (Chili),CONCEPCION (Chili)
0515,FR,FR,CONDOM,CONDOM
ZI27,ZI,,CORK,CORK
0108,FR,FR,CORLAY,CORLAY
ZL14,ZL,,CORRIDONIA,CORRIDONIA
0245,FR,FR,COSSE-LE-VIVIEN,COSSE-LE-VIVIEN
0311,FR,FR,COURTOMER,COURTOMER
ZA25,ZA,,CRANBOURNE (Australie),CRANBOURNE (Australie)
0212,FR,FR,CRAON,CRAON
ZI01,ZI,IRE,CURRAGH,CURRAGH
0516,FR,FR,DAX,DAX
0003,FR,FR,DEAUVILLE,DEAUVILLE
0033,FR,FR,DEAUVILLE MIDI,DEAUVILLE MIDI
ZU09,ZU,,DEL MAR (USA),DEL MAR (USA)
ZU21,ZU,,DELAWARE PARK,DELAWARE PARK
ZU47,ZU,,DELTA DOWNS,DELTA DOWNS
0404,FR,FR,DIEPPE,DIEPPE
0491,FR,FR,DIEPPE MIDI,DIEPPE MIDI
0109,FR,FR,DINAN,DINAN
0708,FR,FR,DIVONNE,DIVONNE-LES-BAINS
ZQU1,ZQ,,DOHA,DOHA
ZG15,ZG,,DONCASTER,DONCASTER
ZA12,ZA,,DOOMBEN,DOOMBEN
ZD04,ZD,,DORTMUND,DORTMUND
ZI05,ZI,,DOWN ROYAL,DOWN ROYAL
ZI26,ZI,,DOWNPATRICK,DOWNPATRICK
ZD16,ZD,,DRESDE,DRESDE
0405,FR,FR,DREUX,DREUX
ZF96,ZF,,DUBAI,DUBAI
ZU36,ZU,,DUELING GROUNDS,DUELING GROUNDS
ZO01,ZO,,DUINDIGT,DUINDIGT
ZI15,ZI,,DUNDALK,DUNDALK
ZF14,ZF,,DURBAN,DURBAN
ZF25,ZF,,DURBANVILLE,DURBANVILLE
0213,FR,FR,DURTAL,DURTAL
ZD05,ZD,,DUSSELDORF,DUSSELDORF
ZA11,ZA,,EAGLE FARM,EAGLE FARM
0517,FR,FR,EAUZE,EAUZE
0214,FR,FR,ECOMMOY,ECOMMOY
ZG16,ZG,,EDINBURGH,EDINBURGH
ZF04,ZF,,EL JADIDA (MAR),EL JADIDA (MAR)
0406,FR,FR,ELBEUF,ELBEUF
ZU39,ZU,,ELLIS PARK,ELLIS PARK
ZU49,ZU,,EMERALD DOWNS,EMERALD DOWNS
0039,FR,FR,ENGHIEN MIDI,ENGHIEN MIDI
0009,FR,FR,ENGHIEN-SOISY,ENGHIEN-SOISY
ZG17,ZG,,EPSOM,EPSOM
ZD40,ZD,,ERBACH,ERBACH
0110,FR,FR,ERBRAY,ERBRAY
0161,FR,FR,ERBRAY MOISDON NOZAY,ERBRAY MOISDON NOZAY
ZU48,ZU,,EVANGELINE DOWNS,EVANGELINE DOWNS
0407,FR,FR,EVREUX,EVREUX-NAVARRE
0008,FR,FR,EVRY,EVRY
ZG14,ZG,,EXETER,EXETER
ZU30,ZU,,FAIR GROUNDS,FAIR GROUNDS
ZU77,ZU,,FAIRMOUNT PARK,FAIRMOUNT PARK
ZU35,ZU,,FAIRPLEX,FAIRPLEX
ZF20,ZF,,FAIRVIEW (Afr. du Sud),FAIRVIEW (Afr. du Sud)
ZI06,ZI,,FAIRYHOUSE,FAIRYHOUSE
ZG18,ZG,,FAKENHAM,FAKENHAM
0386,FR,FR,FALAISE,FALAISE
ZU51,ZU,,FAR HILLS,FAR HILLS
ZH06,ZH,,FEHRALTORF,FEHRALTORF
0215,FR,FR,FENEU,FENEU
0709,FR,FR,FEURS,FEURS
ZU31,ZU,,FINGER LAKES,FINGER LAKES
ZF26,ZF,,FLAMINGO PARK (Afr.duSud),FLAMINGO PARK (Afr.duSud)
ZA01,ZA,,FLEMINGTON,FLEMINGTON
ZL02,ZL,,FLORENCE,FLORENCE
ZG19,ZG,,FOLKESTONE,FOLKESTONE
ZU61,ZU,,FONNER PARK,FONNER PARK
0408,FR,FR,FONTAINEBLEAU,FONTAINEBLEAU
ZG20,ZG,,FONTWELL,FONTWELL
ZC02,ZC,,FORT ERIE,FORT ERIE
0111,FR,FR,FOUGERES,FOUGERES
ZD06,ZD,,FRANCFORT,FRANCFORT
ZH02,ZH,,FRAUENFELD,FRAUENFELD
ZJ06,ZJ,,FUKUSHIMA,FUKUSHIMA
ZJ22,ZJ,,FUNABASHI,FUNABASHI
0518,FR,FR,GABARRET,GABARRET
ZI07,ZI,,GALWAY,GALWAY
ZU10,ZU,,GARDEN STATE,GARDEN STATE
ZSA7,ZS,,GAVEA (Rio de Janeiro),GAVEA (Rio de Janeiro)
ZA14,ZA,,GEELONG,GEELONG
ZD07,ZD,,GELSENKIRCHEN,GELSENKIRCHEN
0519,FR,FR,GEMOZAC,GEMOZAC
ZF08,ZF,,GHANTOOT,GHANTOOT
ZU11,ZU,,GOLDEN GATE,GOLDEN GATE
ZG21,ZG,,GOODWOOD,GOODWOOD
ZD42,ZD,,GOTHA,GOTHA
ZI08,ZI,,GOWRAN PARK,GOWRAN PARK
0323,FR,FR,GRAIGNES,GRAIGNES
0520,FR,FR,GRAMAT,GRAMAT
0312,FR,FR,GRANVILLE,GRANVILLE-ST PAIR SUR MER
ZG65,ZG,,GREAT LEIGHS,GREAT LEIGHS
0521,FR,FR,GRENADE SUR GARONNE,GRENADE SUR GARONNE
ZF13,ZF,,GREYVILLE,GREYVILLE
ZB02,ZB,,GROENENDAAL,GROENENDAAL
ZL03,ZL,,GROSSETO,GROSSETO
Z910,Z9,,GUADELOUPE (KARUKERA),GUADELOUPE (KARUKERA)
9920,FR,FR,GUADELOUPE,GUADELOUPE(KARUKERA)
0112,FR,FR,GUEMENE-PENFAO,GUEMENE-PENFAO
0113,FR,FR,GUER-COETQUIDAN,GUER-COETQUIDAN
0114,FR,FR,GUERLESQUIN,GUERLESQUIN
0115,FR,FR,GUINGAMP,GUINGAMP
ZU12,ZU,,GULFSTREAM,GULFSTREAM
9940,FR,FR,GUYANE,GUYANE
ZJ01,ZJ,,HAKODATE,HAKODATE
ZD17,ZD,,HALLE,HALLE
ZD08,ZD,,HAMBOURG HORN (Allemagne),HAMBOURG HORN (Allemagne)
ZG22,ZG,,HAMILTON,HAMILTON
ZD09,ZD,,HANOVRE,HANOVRE
ZJ10,ZJ,,HANSHIN,HANSHIN
ZK01,ZK,,HAPPY VALLEY,HAPPY VALLEY
ZD19,ZD,,HASSLOCH,HASSLOCH
ZC03,ZC,,HASTINGS PARK,HASTINGS PARK
ZU40,ZU,,HAWTHORNE,HAWTHORNE
ZG23,ZG,,HAYDOCK,HAYDOCK
ZG24,ZG,,HEREFORD,HEREFORD
ZD34,ZD,,HERSCHBERG,HERSCHBERG
ZD22,ZD,,HERXHEIM,HERXHEIM
ZG25,ZG,,HEXHAM,HEXHAM
ZU22,ZU,,HIALEAH PARK,HIALEAH PARK
ZD10,ZD,,HIP.ALLEMAND,HIP.ALLEMAND
ZF99,ZF,,HIPPODROME AFRICAIN,HIPPODROME AFRICAIN
ZF90,ZF,,HIPPODROME ALGERIEN,HIPPODROME ALGERIEN
ZD99,ZD,,HIPPODROME ALLEMAND,HIPPODROME ALLEMAND
ZU99,ZU,,HIPPODROME AMERICAIN,HIPPODROME AMERICAIN
ZS99,ZS,,HIPPODROME AMERIQUE SUD,HIPPODROME AMERIQUE SUD
ZG99,ZG,,HIPPODROME ANGLAIS,HIPPODROME ANGLAIS
ZS90,ZS,,HIPPODROME ARGENTIN,HIPPODROME ARGENTIN
ZA99,ZA,,HIPPODROME AUSTRALIEN,HIPPODROME AUSTRALIEN
ZR99,ZR,,HIPPODROME AUTRICHIEN,HIPPODROME AUTRICHIEN
ZB99,ZB,,HIPPODROME BELGE,HIPPODROME BELGE
ZS91,ZS,,HIPPODROME BOLIVIEN,HIPPODROME BOLIVIEN
ZS92,ZS,,HIPPODROME BRESILIEN,HIPPODROME BRESILIEN
ZQ94,ZQ,,HIPPODROME BULGARE,HIPPODROME BULGARE
ZC99,ZC,,HIPPODROME CANADIEN,HIPPODROME CANADIEN
ZS93,ZS,,HIPPODROME CHILIEN,HIPPODROME CHILIEN
ZS94,ZS,,HIPPODROME COLOMBIEN,HIPPODROME COLOMBIEN
2050,FR,FR,HIPPODROME CORSE,HIPPODROME CORSE
ZN96,ZN,,HIPPODROME DANOIS,HIPPODROME DANOIS
ZK99,ZK,,HIPPODROME DE HONG-KONG,HIPPODROME DE HONG-KONG
ZE99,ZE,,HIPPODROME ESPAGNOL,HIPPODROME ESPAGNOL
ZZ99,ZZ,,HIPPODROME ETRANGER,HIPPODROME ETRANGER
ZN97,ZN,,HIPPODROME FINLANDAIS,HIPPODROME FINLANDAIS
ZO99,ZO,,HIPPODROME HOLLANDAIS,HIPPODROME HOLLANDAIS
ZI99,ZI,,HIPPODROME IRLANDAIS,HIPPODROME IRLANDAIS
ZL99,ZL,,HIPPODROME ITALIEN,HIPPODROME ITALIEN
ZJ99,ZJ,,HIPPODROME JAPONAIS,HIPPODROME JAPONAIS
ZV90,ZV,,HIPPODROME MALAISIE,HIPPODROME MALAISIE
ZF91,ZF,,HIPPODROME MAROCAIN,HIPPODROME MAROCAIN
ZX99,ZX,,HIPPODROME MEXICAIN,HIPPODROME MEXICAIN
ZA98,ZA,,HIPPODROME NEO-ZELANDAIS,HIPPODROME NEO-ZELANDAIS
ZN98,ZN,,HIPPODROME NORVEGIEN,HIPPODROME NORVEGIEN
ZP99,ZP,,HIPPODROME PANAMA,HIPPODROME PANAMA
ZS95,ZS,,HIPPODROME PARAGUAYEN,HIPPODROME PARAGUAYEN
ZS96,ZS,,HIPPODROME PERUVIEN,HIPPODROME PERUVIEN
ZQ96,ZQ,,HIPPODROME POLONAIS,HIPPODROME POLONAIS
ZQ99,ZQ,,HIPPODROME REPUB.TCHEQUE,HIPPODROME REPUB.TCHEQUE
ZQ97,ZQ,,HIPPODROME ROUMAIN,HIPPODROME ROUMAIN
ZF92,ZF,,HIPPODROME SENEGALAIS,HIPPODROME SENEGALAIS
ZQ98,ZQ,,HIPPODROME SLOVAQUE,HIPPODROME SLOVAQUE
ZY01,ZY,,HIPPODROME SLOVENE,HIPPODROME SLOVENE
ZF93,ZF,,HIPPODROME SUD AFRICAIN,HIPPODROME SUD AFRICAIN
ZN99,ZN,,HIPPODROME SUEDOIS,HIPPODROME SUEDOIS
ZH99,ZH,,HIPPODROME SUISSE,HIPPODROME SUISSE
ZF94,ZF,,HIPPODROME TUNISIEN,HIPPODROME TUNISIEN
ZT99,ZT,,HIPPODROME TURQUE,HIPPODROME TURQUE
ZS97,ZS,,HIPPODROME URUGUAYEN,HIPPODROME URUGUAYEN
ZS98,ZS,,HIPPODROME VENEZUELIEN,HIPPODROME VENEZUELIEN
ZYUG,ZY,,HIPPODROME YOUGOSLAVE,HIPPODROME YOUGOSLAVE
0911,FR,FR,HOERDT MIDI,HOERDT MIDI
ZU13,ZU,,HOLLYWOOD PARK,HOLLYWOOD PARK
ZD31,ZD,,HONZRATH,HONZRATH
ZD41,ZD,,HOOKSIEL,HOOKSIEL
ZU58,ZU,,HOOSIER PARK,HOOSIER PARK
ZD11,ZD,,HOPPEGARTEN (BERLIN),HOPPEGARTEN (BERLIN)
ZG26,ZG,,HUNTINGDON,HUNTINGDON
0607,FR,FR,HYERES,HYERES
ZF10,ZF,,ILE MAURICE,ILE MAURICE
0409,FR,FR,ILLIERS,ILLIERS
ZINT,ZI,,INTERNATIONAL,INTERNATIONAL
0313,FR,FR,ISIGNY SUR MER,ISIGNY SUR MER
ZN03,ZN,,JAGERSRO,JAGERSRO
0216,FR,FR,JALLAIS,JALLAIS
0116,FR,FR,JANZE,JANZE
0522,FR,FR,JARNAC,JARNAC
ZF97,ZF,,JEBEL ALI,JEBEL ALI
ZG62,ZG,,JERSEY,JERSEY
0117,FR,FR,JOSSELIN,JOSSELIN
ZJ16,ZJ,,KAMIYAMA,KAMIYAMA
ZJ08,ZJ,,KANAZAWA,KANAZAWA
ZQ04,ZQ,,KARLOVY VARY(REP.TCHEQUE),KARLOVY VARY(REP.TCHEQUE)
9801,FR,FR,KARLSHORST (Berlin),KARLSHORST (Berlin)
ZD39,ZD,,KARLSRUHE,KARLSRUHE
ZJ12,ZJ,,KASAMATSU,KASAMATSU
ZJ18,ZJ,,KAWASAKI,KAWASAKI
ZRU3,ZR,,KAZAN (RUS),KAZAN (RUS)
ZU14,ZU,,KEENELAND (USA),KEENELAND (USA)
ZG27,ZG,,KELSO,KELSO
ZA16,ZA,,KEMBLA GRANGE,KEMBLA GRANGE
ZG28,ZG,,KEMPTON PARK,KEMPTON PARK
ZF11,ZF,,KENILWORTH,KENILWORTH
ZFM3,ZF,,KENITRA (MAR),KENITRA (MAR)
ZU53,ZU,,KENTUCKY DOWNS,KENTUCKY DOWNS
ZFM1,ZF,,KHEMISSET (MAR),KHEMISSET (MAR)
ZI29,ZI,,KILBEGGAN,KILBEGGAN
ZI18,ZI,,KILLARNEY,KILLARNEY
ZSAK,ZS,,KING ABDULAZIZ,KING ABDULAZIZ
ZN01,ZN,,KLAMPENBORG,KLAMPENBORG
ZJ17,ZJ,,KOKURA,KOKURA
ZD12,ZD,,KREFELD,KREFELD
ZJ02,ZJ,,KYOTO,KYOTO
0805,FR,FR,LA CAPELLE,LA CAPELLE
0246,FR,FR,LA CHARTRE-SUR-LE-LOIR,LA CHARTRE-SUR-LE-LOIR
0381,FR,FR,LA FERTE MACE,LA FERTE MACE
0253,FR,FR,LA FERTE-BERNARD,LA FERTE-BERNARD
0118,FR,FR,LA GACILLY,LA GACILLY
0119,FR,FR,LA GUERCHE-DE-BRETAGNE,LA GUERCHE-DE-BRETAGNE
0710,FR,FR,LA GUERCHE-NEVERS,LA GUERCHE-NEVERS
0120,FR,FR,LA MARTYRE-LANDERNEAU,LA MARTYRE-LANDERNEAU
ZSA2,ZS,,LA PLATA (ARG),LA PLATA (ARG)
0525,FR,FR,LA REOLE,LA REOLE
0217,FR,FR,LA-ROCHE-POSAY,LA-ROCHE-POSAY
0124,FR,FR,LA-ROCHE S/YON,LA-ROCHE-SUR-YON
ZE12,ZE,,LA SENIA,LA SENIA
0724,FR,FR,LA SOIE MIDI,LA SOIE MIDI
0492,FR,FR,LA SOLLE MIDI,LA SOLLE MIDI
0550,FR,FR,LA TESTE BUCH,LA TESTE DE BUCH
0587,FR,FR,LA TESTE MIDI,LA TESTE MIDI
ZD26,ZD,,LAHR-KURZELL,LAHR-KURZELL
0121,FR,FR,LAMBALLE,LAMBALLE
ZL18,ZL,,LANCIANO,LANCIANO
0122,FR,FR,LANDIVISIAU,LANDIVISIAU
0523,FR,FR,LANGON-LIBOURNE,LANGON-LIBOURNE
0524,FR,FR,LANNEMEZAN,LANNEMEZAN
ZG61,ZG,,LARKHILL,LARKHILL
ZSU1,ZS,,LAS PIEDRAS (URY),LAS PIEDRAS (URY)
ZA24,ZA,,LAUNCESTON TASMANIA (Aus),LAUNCESTON TASMANIA (Aus)
ZU15,ZU,,LAUREL PARK,LAUREL PARK
0813,FR,FR,LE CROISE MIDI,LE CROISE MIDI
0806,FR,FR,CROISE-LAROCHE,LE CROISE-LAROCHE
0527,FR,FR,LE DORAT,LE DORAT
0256,FR,FR,LE LION MIDI,LE LION MIDI
0218,FR,FR,LION D'ANGERS,LE LION D'ANGERS
0219,FR,FR,LE LOUROUX-BECONNAIS,LE LOUROUX-BECONNAIS
0220,FR,FR,LE LUDE,LE LUDE
0221,FR,FR,LE MANS,LE MANS
0222,FR,FR,LE MAY-SUR-EVRE,LE MAY-SUR-EVRE
0314,FR,FR,LE MERLERAULT,LE MERLERAULT
0126,FR,FR,LE PERTRE,LE PERTRE
0315,FR,FR,LE PIN AU HARAS,LE PIN AU HARAS
0807,FR,FR,LE QUESNOY,LE QUESNOY
0316,FR,FR,LE SAP,LE SAP
0020,FR,FR,LE STADE DE FRANCE,LE STADE DE FRANCE
0808,FR,FR,LE TOUQUET,LE TOUQUET
ZD32,ZD,,LEBACH,LEBACH
0125,FR,FR,GRAND-FOUGERAY,LE-GRAND-FOUGERAY
ZG29,ZG,,LEICESTER,LEICESTER
ZD18,ZD,,LEIPZIG,LEIPZIG
ZI02,ZI,,LEOPARDSTOWN,LEOPARDSTOWN
0410,FR,FR,LES ANDELYS,LES ANDELYS
0127,FR,FR,LES SABLES,LES SABLES-D'OLONNE
0529,FR,FR,LESPARRE,LESPARRE
2053,FR,FR,LEVIE,LEVIE
ZU23,ZU,,LEXINGTON,LEXINGTON
0530,FR,FR,LIBOURNE,LIBOURNE
0711,FR,FR,LIGNIERES,LIGNIERES EN BERRY
ZS84,ZS,,LIMA (PEROU),LIMA (PEROU)
ZI09,ZI,,LIMERICK,LIMERICK
0531,FR,FR,LIMOGES,LIMOGES
ZG30,ZG,,LINGFIELD,LINGFIELD
0382,FR,FR,LISIEUX,LISIEUX
0608,FR,FR,L'ISLE/SORGUE,L'ISLE-SUR-SORGUE
ZI19,ZI,,LISTOWEL,LISTOWEL
ZU78,ZU,,LITTLE EVERGLADES,LITTLE EVERGLADES
ZL04,ZL,,LIVOURNE,LIVOURNE
ZU43,ZU,,LONE STAR,LONE STAR
ZU16,ZU,,LONGACRES,LONGACRES
0031,FR,FR,LONGCHAMP MIDI,LONGCHAMP MIDI
0223,FR,FR,LONGUE-JUMELLES,LONGUE-JUMELLES
ZU55,ZU,,LOS ALAMITOS,LOS ALAMITOS
0128,FR,FR,LOUDEAC,LOUDEAC
ZU26,ZU,,LOUISIANA DOWNS,LOUISIANA DOWNS
ZH03,ZH,,LUCERNE,LUCERNE
0129,FR,FR,LUCON,LUCON
ZG31,ZG,,LUDLOW,LUDLOW
0532,FR,FR,LUXE,LUXE
0713,FR,FR,LYON LA SOIE,LYON LA SOIE
0712,FR,FR,LYON PARILLY,LYON PARILLY
ZQ08,ZQ,,LYSA NAD LABEM,LYSA NAD LABEM
ZM01,ZM,,MACAO,MACAO
0130,FR,FR,MACHECOUL,MACHECOUL
Z920,Z9,,MADININA (MARTINIQUE),MADININA (MARTINIQUE)
ZE01,ZE,,MADRID,MADRID
ZD20,ZD,,MAGDEBURG,MAGDEBURG
ZR97,ZR,,MAGNA RACINO,MAGNA RACINO
ZH07,ZH,,MAIENFELD,MAIENFELD
0035,FR,FR,MAISONS MIDI,MAISONS MIDI
0005,FR,FR,MAIS-LAFFITTE,MAISONS-LAFFITTE
0131,FR,FR,MALESTROIT,MALESTROIT
ZI10,ZI,,MALLOW,MALLOW
ZF24,ZF,,MALTA,MALTA
0224,FR,FR,MAMERS,MAMERS
ZE13,ZE,,MANACOR,MANACOR
0533,FR,FR,MANCIET,MANCIET
ZD21,ZD,,MANNHEIM,MANNHEIM
0534,FR,FR,MANSLE,MANSLE
ZG32,ZG,,MARKET RASEN,MARKET RASEN
ZS86,ZS,,MARONAS,MARONAS
0610,FR,FR,MAR.BORELY,MARSEILLE BORELY
0609,FR,FR,MAR.P VIVAUX,MARSEILLE PONT DE VIVAUX
9910,FR,FR,LA MARTINIQUE,LA MARTINIQUE
0132,FR,FR,MATIGNON,MATIGNON
0133,FR,FR,MAURE/BRETAGNE,MAURE-DE-BRETAGNE
0134,FR,FR,MAURON,MAURON
ZU17,ZU,,MEADOWLANDS,MEADOWLANDS
ZD37,ZD,,MEISSENHEIM,MEISSENHEIM
ZFM2,ZF,,MEKNES (MAR),MEKNES (MAR)
0225,FR,FR,MERAL,MERAL
ZL05,ZL,,MERANO,MERANO
0226,FR,FR,MESLAY-DU-MAINE,MESLAY-DU-MAINE
ZF88,ZF,,MEYDAN,MEYDAN
ZU59,ZU,,MIDDLEBURG,MIDDLEBURG
ZD33,ZD,,MIESAU,MIESAU
ZE08,ZE,,MIJAS,MIJAS
ZL06,ZL,,MILAN,MILAN
ZU73,ZU,,MINERAL SPRINGS,MINERAL SPRINGS
ZJ11,ZJ,,MIZUSAWA,MIZUSAWA
0227,FR,FR,MOLIERES,MOLIERES
0247,FR,FR,MONDOUBLEAU,MONDOUBLEAU
ZU25,ZU,,MONMOUTH PARK,MONMOUTH PARK
0551,FR,FR,MONPAZIER,MONPAZIER
ZB06,ZB,,MONS-GHLIN,MONS-GHLIN
0135,FR,FR,MONTAIGU,MONTAIGU
0535,FR,FR,MONTAUBAN,MONTAUBAN
0536,FR,FR,MONT-DE-MARSAN,MONT-DE-MARSAN
0537,FR,FR,MONTENDRE,MONTENDRE
0902,FR,FR,MONTIER-EN-DER,MONTIER-EN-DER
0538,FR,FR,MONTIGNAC,MONTIGNAC
0715,FR,FR,MONTLUCON,MONTLUCON
0248,FR,FR,MONTMIRAIL,MONTMIRAIL
ZU75,ZU,,MONTPELIER,MONTPELIER
0228,FR,FR,MONTREVAULT,MONTREVAULT
ZA02,ZA,,MOONEE VALLEY,MOONEE VALLEY
ZJ20,ZJ,,MORIOKA,MORIOKA
0136,FR,FR,MORLAIX,MORLAIX
ZA13,ZA,,MORPHETTVILLE,MORPHETTVILLE
0317,FR,FR,MORTAGNE AU PERCHE,MORTAGNE AU PERCHE
ZQ93,ZQ,,MOSCOU,MOSCOU
ZQ07,ZQ,,MOST (REPUB.TCHEQUE),MOST (REPUB.TCHEQUE)
0716,FR,FR,MOULINS,MOULINS
0725,FR,FR,MOULINS MIDI,MOULINS MIDI
0318,FR,FR,MOULINS-LA-MARCHE,MOULINS-LA-MARCHE
ZU65,ZU,,MOUNTAINEER PARK,MOUNTAINEER PARK
ZD13,ZD,,MULHEIM,MULHEIM
ZD14,ZD,GER,MUNICH-RIEM (Allemagne),MUNICH-RIEM (Allemagne)
ZG63,ZG,,MUSSELBURGH (GB),MUSSELBURGH (GB)
ZI11,ZI,,NAAS,NAAS
ZF98,ZF,,NAD AL SHEBA,NAD AL SHEBA
ZJ24,ZJ,,NAGOYA,NAGOYA
ZJ23,ZJ,,NAKATSU,NAKATSU
ZJ03,ZJ,,NAKAYAMA,NAKAYAMA
zru5,zr,,naltchik,naltchik
0903,FR,FR,NANCY,NANCY
0910,FR,FR,NANCY MIDI,NANCY MIDI
0137,FR,FR,NANTES,NANTES
0170,FR,FR,NANTES MIDI,NANTES MIDI
ZL07,ZL,,NAPLES,NAPLES
ZU70,ZU,,NASHVILLE,NASHVILLE
ZI12,ZI,,NAVAN,NAVAN
NC,NC,,NC,NC
0415,FR,FR,NEUFCHATEL-EN-BRAYE,NEUFCHATEL-EN-BRAYE
0229,FR,FR,NEUILLE-PONT-PIERRE,NEUILLE-PONT-PIERRE
ZD15,ZD,,NEUSS,NEUSS
ZU72,ZU,,NEW KENT,NEW KENT
ZG33,ZG,,NEWBURY,NEWBURY
ZA08,ZA,,NEWCASTLE (AUS),NEWCASTLE (AUS)
ZG34,ZG,,NEWCASTLE (GBR),NEWCASTLE (GBR)
ZG35,ZG,,NEWMARKET (GBR),NEWMARKET (GBR)
ZF17,ZF,,NEWMARKET (ZAF),NEWMARKET (ZAF)
ZG64,ZG,,NEWMARKET JULY,NEWMARKET JULY
ZG36,ZG,,NEWTON ABBOT,NEWTON ABBOT
ZJ13,ZJ,,NIIGATA,NIIGATA
0614,FR,FR,NIMES,NIMES
0138,FR,FR,NIORT,NIORT
ZC04,ZC,,NORTHLANDS PARK,NORTHLANDS PARK
0139,FR,FR,NORT-SUR-ERDRE,NORT-SUR-ERDRE
ZG37,ZG,,NOTTINGHAM,NOTTINGHAM
9930,FR,FR,NOUVELLE CALEDONIE,NOUVELLE CALEDONIE
ZL13,ZL,,NOVI,NOVI
0140,FR,FR,NOZAY,NOZAY
0249,FR,FR,NUEIL-SUR-LAYON,NUEIL-SUR-LAYON
0230,FR,FR,NUILLE / VICOIN,NUILLE-SUR-VICOIN
zk04,zk,,nurdaulet,nurdaulet
ZA03,ZA,,OAKBANK,OAKBANK
ZU24,ZU,,OAKLAWN PARK,OAKLAWN PARK
ZU46,ZU,,OCALA,OCALA
ZN05,ZN,,ODENSE,ODENSE
zqzq,zq,,odessa,odessa
ZJ15,ZJ,,OGURA,OGURA
ZJ21,ZJ,,OI,OI
0611,FR,FR,ORAISON,ORAISON
0612,FR,FR,ORANGE,ORANGE
ZE15,ZE,,ORENSE,ORENSE
0411,FR,FR,ORLEANS,ORLEANS
ZB03,ZB,,OSTENDE,OSTENDE
ZE09,ZE,,OVIEDO,OVIEDO
ZN02,ZN,,OVREVOLL,OVREVOLL
0717,FR,FR,PARAY-LE-MONIAL,PARAY-LE-MONIAL
ZQ01,ZQ,,PARDUBICE,PARDUBICE
0723,FR,FR,PARILLY MIDI,PARILLY MIDI
0001,FR,FR,PARISLONGCHAMP,PARISLONGCHAMP
0539,FR,FR,PAU,PAU
0586,FR,FR,PAU-MIDI,PAU-MIDI
ZU54,ZU,,PENN NATIONAL,PENN NATIONAL
ZG38,ZG,,PERTH,PERTH
ZU42,ZU,,PHILADELPHIA,PHILADELPHIA
ZI03,ZI,,PHOENIX PARK,PHOENIX PARK
ZRU1,ZR,,PIATIGORSK (RUS),PIATIGORSK (RUS)
ZU18,ZU,,PIMLICO,PIMLICO
ZL08,ZL,,PISE,PISE
ZU76,ZU,,PLEASANTON,PLEASANTON
0141,FR,FR,PLENEUF-VAL-ANDRE,PLENEUF-VAL-ANDRE
0142,FR,FR,PLESSE,PLESSE
0123,FR,FR,PLESTIN,PLESTIN-LES-GREVES
0143,FR,FR,PLOERMEL,PLOERMEL
0144,FR,FR,PLOUESCAT,PLOUESCAT
ZG39,ZG,,PLUMPTON,PLUMPTON
0231,FR,FR,POITIERS,POITIERS
0540,FR,FR,POMPADOUR,POMPADOUR
0541,FR,FR,PONS,PONS
0145,FR,FR,PONTCHATEAU,PONTCHATEAU
ZG40,ZG,,PONTEFRACT,PONTEFRACT
0146,FR,FR,PONTIVY,PONTIVY
0147,FR,FR,PORNICHET,PORNICHET
2054,FR,FR,PORTO VECCHIO,PORTO VECCHIO
ZI16,ZI,,POWERSTONE PARK,POWERSTONE PARK
ZQ02,ZQ,,PRAGUE (VELKA CHUCHLE),PRAGUE (VELKA CHUCHLE)
ZU56,ZU,,PRAIRIE MEADOWS,PRAIRIE MEADOWS
ZU80,ZU,,PRESQUE ISLE,PRESQUE ISLE
2055,FR,FR,PROPRIANO,PROPRIANO
2056,FR,FR,PRUNELLI,PRUNELLI DI FIUMORBO
ZI17,ZI,,PUNCHESTOWN,PUNCHESTOWN
ZD35,ZD,,QUAKENBRUCK,QUAKENBRUCK
0148,FR,FR,QUESTEMBERT,QUESTEMBERT
ZF02,ZF,,RABAT,RABAT
ZU67,ZU,,RAEFORD,RAEFORD
0412,FR,FR,RAMBOUILLET,RAMBOUILLET
ZF19,ZF,,RANDJESFONTEIN,RANDJESFONTEIN
ZA06,ZA,,RANDWICK,RANDWICK
0319,FR,FR,RANES,RANES
ZG41,ZG,,REDCAR,REDCAR
0149,FR,FR,REDON,REDON
ZU57,ZU,,REMINGTON PARK,REMINGTON PARK
ZU62,ZU,,RETAMA PARK,RETAMA PARK
0250,FR,FR,RICHELIEU,RICHELIEU
ZU37,ZU,,RILLITO,RILLITO
ZSA3,ZS,,RIO DE JANEIRO (BRZ),RIO DE JANEIRO (BRZ)
ZG42,ZG,,RIPON,RIPON
ZU32,ZU,,RIVER DOWNS,RIVER DOWNS
0232,FR,FR,ROCHEFORT/LOIRE,ROCHEFORT-SUR-LOIRE
0542,FR,FR,ROCHEFORT-SUR-MER,ROCHEFORT-SUR-MER
ZU29,ZU,,ROCKINGHAM PARK,ROCKINGHAM PARK
ZL09,ZL,,ROME,ROME
ZL19,ZL,,ROME (PMU),ROME (PMU)
ZI20,ZI,,ROSCOMMON,ROSCOMMON
ZA05,ZA,,ROSEHILL,ROSEHILL
ZRU2,ZR,,ROSTOV (RUS),ROSTOV (RUS)
0150,FR,FR,ROSTRENEN,ROSTRENEN
0413,FR,FR,ROUEN,ROUEN
0528,FR,FR,ROYAN,ROYAN LA PALMYRE
ZSAU,ZS,,RYAD,RYAD
ZD25,ZD,,SAARBRUCKEN,SAARBRUCKEN
0233,FR,FR,SABLE / SARTHE,SABLE-SUR-SARTHE
ZJ09,ZJ,,SAGA,SAGA
ZH11,ZH,,SAIGNELEGIER,SAIGNELEGIER
0330,FR,FR,SAINT HILAIRE DU HARCOUET,SAINT HILAIRE DU HARCOUET
ZH08,ZH,,SAINT MORITZ,SAINT MORITZ
0151,FR,FR,SAINT-BRIEUC,SAINT-BRIEUC
0004,FR,FR,SAINT-CLOUD,SAINT-CLOUD
0034,FR,FR,SAINT-CLOUD MIDI,SAINT-CLOUD MIDI
0234,FR,FR,SAINT-DENIS-DE-GASTINES,SAINT-DENIS-DE-GASTINES
0543,FR,FR,SAINTE LIVRADE SUR LOT,SAINTE LIVRADE SUR LOT
0544,FR,FR,SAINTES,SAINTES
0718,FR,FR,SAINT-GALMIER,SAINT-GALMIER
0152,FR,FR,ST-JEAN DE MONT,SAINT-JEAN-DE-MONTS
0384,FR,FR,SAINT-LO,SAINT-LO
0154,FR,FR,SAINT-MALO,SAINT-MALO
0153,FR,FR,SAINT-MAXIENT-L'ECOLE,SAINT-MAXIENT-L'ECOLE
0809,FR,FR,SAINT-OMER,SAINT-OMER
0235,FR,FR,SAINT-OUEN-DES-TOITS,SAINT-OUEN-DES-TOITS
0236,FR,FR,ST-PIERRE-LA-CO,SAINT-PIERRE-LA-COUR
0320,FR,FR,SAINT-PIERRE-SUR-DIVES,SAINT-PIERRE-SUR-DIVES
0155,FR,FR,SAINT-POL-DE-LEON,SAINT-POL-DE-LEON
0237,FR,FR,SAINT-SATURNIN-DU-LIMET,SAINT-SATURNIN-DU-LIMET
ZG43,ZG,,SALISBURY,SALISBURY
0625,FR,FR,SALON MIDI,SALON MIDI
0613,FR,FR,SALON PROVENCE,SALON-DE-PROVENCE
ZU64,ZU,,SAM HOUSTON,SAM HOUSTON
ZSA1,ZS,,SAN ISIDRO (ARG),SAN ISIDRO (ARG)
ZE02,ZE,,SAN SEBASTIAN,SAN SEBASTIAN
ZA04,ZA,,SANDOWN (AUS),SANDOWN (AUS)
ZG44,ZG,,SANDOWN (GBR),SANDOWN (GBR)
ZE05,ZE,,SANLUCAR,SANLUCAR
ZU19,ZU,,SANTA ANITA,SANTA ANITA
ZE07,ZE,,SANTANDER,SANTANDER
ZS88,ZS,,SANTIAGO (Chili),SANTIAGO (Chili)
ZJ04,ZJ,,SAPPORO,SAPPORO
ZU20,ZU,,SARATOGA,SARATOGA
2060,FR,FR,SARTENE,SARTENE
ZL15,ZL,,SASSARI,SASSARI
0238,FR,FR,SAUMUR,SAUMUR
0251,FR,FR,SAUMUR-LE-BREIL,SAUMUR-LE-BREIL
0156,FR,FR,SAVENAY,SAVENAY
ZF16,ZF,,SCOTTSVILLE,SCOTTSVILLE
ZG45,ZG,,SEDGEFIELD,SEDGEFIELD
0239,FR,FR,SEGRE,SEGRE
0240,FR,FR,SEICHES/LE-LOIR,SEICHES-SUR-LE-LOIR
0241,FR,FR,SENONNES,SENONNES-POUANCE
ZV98,ZV,,SEOUL (Corﾃｩe du Sud),SEOUL (Corﾃｩe du Sud)
2057,FR,FR,SERRA DI SCOPAMENE,SERRA DI SCOPAMENE
ZF01,ZF,,SETTAT (MAR),SETTAT (MAR)
ZE03,ZE,,SEVILLE,SEVILLE
ZK02,ZK,HK,SHA TIN,SHA TIN
ZF09,ZF,,SHARJAH,SHARJAH
ZL16,ZL,,SIENNE,SIENNE
0242,FR,FR,SILLE-LE-GUILLA,SILLE-LE-GUILLAUME
ZV91,ZV,,SINGAPOUR,SINGAPOUR
ZT02,ZT,,SIRINYER,SIRINYER
ZI22,ZI,,SLIGO,SLIGO
ZQ06,ZQ,,SLUSOVICE (REP.TCHEQUE),SLUSOVICE (REP.TCHEQUE)
ZP03,ZP,,SLUZEWIEC (VARSOVIE),SLUZEWIEC (VARSOVIE)
ZU41,ZU,,SOLANO,SOLANO
ZE11,ZE,,SOMO,SOMO
ZG46,ZG,,SOUTHWELL,SOUTHWELL
ZU45,ZU,,SPORTSMAN'S PARK,SPORTSMAN'S PARK
ZB04,ZB,,STERREBEEK,STERREBEEK
0907,FR,FR,STRASBOURG,STRASBOURG
ZG47,ZG,,STRATFORD,STRATFORD
ZN06,ZN,,STROMSHOLM,STROMSHOLM
ZU33,ZU,,SUFFOLK,SUFFOLK
ZA22,ZA,,SUNSHINE COAST,SUNSHINE COAST
ZL17,ZL,,SYRACUSE,SYRACUSE
ZN04,ZN,,TABY,TABY
ZL21,ZL,,TAGLIACOZZO,TAGLIACOZZO
ZJ14,ZJ,,TAKASAKI,TAKASAKI
ZU27,ZU,,TAMPA-BAY,TAMPA-BAY
0552,FR,FR,TARBES,TARBES
ZSA6,ZS,,TARUMA (BRZ),TARUMA (BRZ)
ZG48,ZG,,TAUNTON,TAUNTON
ZU79,ZU,,THE PLAINS,THE PLAINS
ZG49,ZG,,THIRSK,THIRSK
ZU44,ZU,,THISTLEDOWN,THISTLEDOWN
0719,FR,FR,THOISSEY,THOISSEY
0243,FR,FR,THOUARCE,THOUARCE
0157,FR,FR,THOUARS,THOUARS
ZI13,ZI,,THURLES,THURLES
ZU63,ZU,,TIMONIUM,TIMONIUM
ZI04,ZI,,TIPPERARY,TIPPERARY
ZQ05,ZQ,,TOCHOVICE (REP.TCHEQUE),TOCHOVICE (REP.TCHEQUE)
ZJ05,ZJ,,TOKYO,TOKYO
0545,FR,FR,TOULOUSE,TOULOUSE
0555,FR,FR,TOULOUSE MIDI,TOULOUSE MIDI
0244,FR,FR,TOURS,TOURS
ZG50,ZG,,TOWCESTER,TOWCESTER
ZI14,ZI,,TRALEE,TRALEE
ZI23,ZI,,TRAMORE,TRAMORE
ZL12,ZL,,TREVISE,TREVISE
ZU68,ZU,,TRYON,TRYON
ZF05,ZF,,TUNIS,TUNIS
ZF12,ZF,,TURFFONTEIN,TURFFONTEIN
ZU28,ZU,,TURF-PARADISE,TURF-PARADISE
ZU38,ZU,,TURFWAY-PARK,TURFWAY-PARK
ZL10,ZL,,TURIN,TURIN
ZU52,ZU,,UNIONVILLE,UNIONVILLE
ZJ19,ZJ,,URAWA,URAWA
ZG51,ZG,,UTTOXETER,UTTOXETER
ZF18,ZF,,VAAL,VAAL
ZE04,ZE,,VALENCE,VALENCE
ZS89,ZS,,VALPARAISO SPORTING CLUB,VALPARAISO SPORTING CLUB
0158,FR,FR,VANNES,VANNES
ZL11,ZL,,VARESE,VARESE
ZP01,ZP,,VARSOVIE,VARSOVIE
ZT03,ZT,,VELIEFENDI,VELIEFENDI
ZT88,ZT,,VELIEFENDI (TURQ.),VELIEFENDI (TURQ.)
2058,FR,FR,VENACO,VENACO
ZD24,ZD,,VERDEN,VERDEN
0414,FR,FR,VERNON,VERNON
0159,FR,FR,VERTOU,VERTOU
0904,FR,FR,VESOUL,VESOUL
0546,FR,FR,VIC-BIGORRE,VIC-BIGORRE
0547,FR,FR,VIC-FEZENSAC,VIC-FEZENSAC
0720,FR,FR,VICHY,VICHY
0726,FR,FR,VICHY MIDI,VICHY MIDI
0727,FR,FR,VICHY SOIR,VICHY SOIR
ZR98,ZR,,VIENNE,VIENNE
ZE06,ZE,,VILA-SECA,VILA-SECA
0548,FR,FR,VILLENEUVE-DE-MARSAN,VILLENEUVE-DE-MARSAN
0549,FR,FR,VILLENEUVE-SUR-LOT,VILLENEUVE-SUR-LOT
0321,FR,FR,VIMOUTIERS,VIMOUTIERS
0099,FR,FR,VINCENNES,VINCENNES
0322,FR,FR,VIRE,VIRE
0160,FR,FR,VITRE,VITRE
0721,FR,FR,VITTEAUX,VITTEAUX
0906,FR,FR,VITTEL,VITTEL
0623,FR,FR,VIVAUX MIDI,VIVAUX MIDI
ZD38,ZD,,WALLDORF,WALLDORF
ZB05,ZB,,WAREGEM,WAREGEM
ZD43,ZD,,WARENDORF,WARENDORF
ZG53,ZG,,WARWICK,WARWICK
ZA09,ZA,,WARWICK FARM,WARWICK FARM
ZG55,ZG,,WETHERBY,WETHERBY
ZI24,ZI,,WEXFORD,WEXFORD
ZD36,ZD,,WILDESHAUSEN,WILDESHAUSEN
ZG56,ZG,,WINCANTON,WINCANTON
ZG54,ZG,,WINDSOR,WINDSOR
0905,FR,FR,WISSEMBOURG,WISSEMBOURG
ZG58,ZG,,WOLVERHAMPTON,WOLVERHAMPTON
ZC01,ZC,,WOODBINE,WOODBINE
ZG57,ZG,,WORCESTER,WORCESTER
ZU34,ZU,,YAKIMA,YAKIMA
ZG59,ZG,,YARMOUTH,YARMOUTH
ZG60,ZG,,YORK,YORK
ZH09,ZH,,YVERDON,YVERDON
0435,FR,FR,YVETOT,YVETOT
2059,FR,FR,ZONZA,ZONZA
ZH04,ZH,,ZURICH DIELSDORF,ZURICH DIELSDORF
ZD29,ZD,,ZWEIBRUCKEN,ZWEIBRUCKEN
